Designator,Mid X,Mid Y,Rotation,Layer
3.3DIG,47.1738,-56.625,0.0,bottom
3.3RF,53.5238,-59.825,0.0,bottom
3.6V,43.5238,-60.575,0.0,bottom
C1,41.0238,-68.075,180.0,top
C10,63.3438,-68.225,270.0,bottom
C11,69.0238,-64.575,90.0,bottom
C12,40.9238,-50.225,180.0,bottom
C13,39.0238,-50.225,0.0,bottom
C14,39.0238,-51.275,0.0,bottom
C15,42.1238,-69.925,270.0,bottom
C16,41.2738,-53.575,0.0,bottom
C2,54.6238,-71.525,270.0,bottom
C20,59.5738,-73.525,270.0,bottom
C21,44.0738,-69.675,180.0,bottom
C22,42.5238,-62.075,0.0,bottom
C3,45.2738,-60.425,90.0,bottom
C31,42.6338,-46.575,270.0,bottom
C33,56.7738,-51.575,90.0,bottom
C34,54.6338,-42.325,180.0,bottom
C35,45.6338,-55.075,180.0,bottom
C36,42.6338,-44.575,270.0,bottom
C37,63.7738,-61.325,0.0,top
C38,41.6738,-44.575,270.0,bottom
C4,43.2738,-55.675,180.0,bottom
C5,45.2738,-57.425,270.0,bottom
C6,46.7738,-62.075,270.0,bottom
C67,62.5238,-46.725,180.0,bottom
C68,58.8238,-41.425,0.0,bottom
C7,50.0238,-67.675,180.0,bottom
C74,67.8738,-54.675,0.0,bottom
C76,68.3738,-52.975,270.0,bottom
C8,46.7738,-65.075,90.0,bottom
C9,64.3738,-55.325,270.0,bottom
D1,49.7738,-60.305,90.0,top
D11,66.7238,-61.975,270.0,bottom
D2,47.7738,-60.31,90.0,top
D3,57.8238,-73.425,270.0,bottom
D5,48.7738,-60.31,90.0,top
D6,50.7738,-60.305,90.0,top
FID1,64.1738,-60.025,0.0,top
FID2,54.5238,-69.225,0.0,top
FID3,42.0238,-39.575,0.0,top
FID4,64.1738,-60.025,0.0,bottom
FID5,54.5238,-69.225,0.0,bottom
FID6,42.0238,-39.575,0.0,bottom
H1,38.7738,-32.075,0.0,top
H2,69.2738,-32.075,0.0,top
H3,38.7738,-41.575,0.0,top
H4,69.2738,-41.575,0.0,top
H5,38.7738,-72.075,0.0,top
H6,69.2738,-72.075,0.0,top
J1,39.0238,-54.075,270.0,top
J10,69.0638,-46.825,90.0,top
J11,39.0238,-46.825,270.0,top
J3,60.7238,-72.255,0.0,top
J4,47.6488,-71.825,0.0,top
J5,59.5238,-59.71,180.0,bottom
J6,69.0238,-54.075,90.0,top
J7,39.0238,-62.575,270.0,top
J8,57.2588,-64.575,180.0,bottom
J9,69.0238,-63.325,90.0,top
JP1,64.8738,-49.825,180.0,bottom
JP2,37.2738,-55.325,270.0,bottom
L1,60.2738,-48.825,270.0,bottom
L6,56.5738,-71.675,180.0,bottom
R10,48.7738,-58.325,270.0,top
R11,41.2738,-55.675,180.0,bottom
R12,47.7738,-58.325,270.0,top
R13,49.7738,-58.32,270.0,top
R15,44.5238,-65.975,90.0,top
R16,43.9988,-67.475,180.0,top
R17,56.7738,-49.575,270.0,bottom
R18,40.5238,-58.575,90.0,bottom
R19,41.2738,-60.575,180.0,bottom
R20,49.7738,-66.075,0.0,bottom
R21,49.773799,-61.075,0.0,bottom
R22,51.273799,-61.575,90.0,bottom
R23,43.0238,-63.175,180.0,top
R24,43.0238,-61.925,180.0,top
R25,45.5238,-64.075,180.0,top
R6,62.5238,-66.325,270.0,top
R7,58.7738,-66.325,90.0,top
R8,50.7738,-58.32,270.0,top
R9,46.6738,-66.925,0.0,top
SW1,64.2738,-64.075,270.0,top
TP1,70.7738,-65.125,180.0,bottom
TP10,37.2738,-59.575,180.0,bottom
TP11,48.3238,-70.025,0.0,bottom
TP2,70.7738,-62.6,180.0,bottom
TP3,70.7738,-60.075,180.0,bottom
TP6,70.7738,-57.575,180.0,bottom
TP7,37.2738,-67.075,180.0,bottom
TP8,37.2738,-64.575,180.0,bottom
TP9,37.2738,-62.075,180.0,bottom
U1,54.0238,-48.9544,270.0,top
U10,61.0438,-69.975,270.0,bottom
U12,42.773801,-58.175,90.0,bottom
U13,66.5238,-65.575,0.0,bottom
U2,60.3838,-64.5125,90.0,top
U3,60.3438,-44.075,270.0,bottom
U4,49.6338,-48.075,270.0,bottom
U5,41.2738,-51.825,270.0,bottom
U6,44.3488,-72.575,0.0,bottom
U7,49.0238,-63.575,270.0,bottom
U8,42.9738,-65.875,180.0,bottom
U9,51.4738,-71.025,0.0,bottom
