Designator,Footprint,Quantity,Value,LCSC Part #
"3.3DIG, 3.3RF, 3.6V, TP11",TestPoint_Pad_D1.0mm,4,TestPoint_Alt,
"C1, C10, C11, C15, C2, C20, C38",0402,7,1uF,
"C12, C14, C31, C33, C34, C35, C36, C37",0402,8,100nF,
C13,0402,1,10uF,
C16,0402,1,220nF,
"C21, C3, C5, C6, C8",0603,5,10uF,
"C22, C9",0805,2,22uF,
C4,0402,1,4.7uF,
C67,0402,1,47nF 10V,
C68,0402,1,1uF 10V,
C7,0603,1,4.7uF,
"C74, C76",0402,2,56pF 10V,
C75,0402,1,4700pF,
"D1, D2, D5, D6",0402,4,LED,
D11,SOT-323_SC-70,1,PESD2IVN24-UX,
D3,SOD-882_L1.0-W0.6-RD,1,"PESD5V0S1ULD,315",C552570
J1,JST_SM03B-GHS-TB_LF__SN_,1,SM03B-GHS-TB_LF__SN_,
"J10, J11",SAMTEC_MMCX-J-P-H-RA-TH1,2,Conn_Coaxial,
J3,USB_C_Receptacle_GCT_USB4105-xx-A_16P_TopMnt_Horizontal,1,USB4105-GF-A,
J4,JST_SM06B-GHS-TB_LF__SN_,1,SM06B-GHS-TB_LF__SN_,
"J6, J7, J9",JST_SM04B-GHS-TB_LF__SN_,3,SM04B-GHS-TB_LF__SN_,
J8,CONN-SMD_DF40C-50DS-0.4V51,1,DF40C-50DS-0.4V,C424646
L1,FILTER-SMD_4P-L3.2-W2.5-BL_DLW32SH510XK2L,1,DLW32SH101XF2L,C1857795
L6,0603,1,600 Ohm 2A,
"R10, R12, R13, R8",0402,4,330,
"R11, R20",0402,2,22k,
R15,0402,1,47k,
R16,0402,1,24k,
"R17, R23, R24",0402,3,10k,
"R18, R21",0402,2,187k,
"R19, R22",0402,2,12.4k,
R25,0402,1,1k,
"R30, R31",0603,2,60.4R 1% 1/3W,
"R6, R7",0402,2,5.1K,
R9,0402,1,100k,
SW1,KEY-SMD_B3U-1000PM,1,B3U-1000P,C231329
"TP1, TP10, TP2, TP3, TP6, TP7, TP8, TP9",TestPoint_Pad_1.5x1.5mm,8,TestPoint_Alt,
U1,LGA54_MOSAIC-MINI_SEP,1,mosaic-G5,
"U10, U13, U6, U9",IC_XC8111AA01MR-G,4,XC8111AA01MR-G,
"U12, U7",DSC0010J-MFG,2,TPS7A9401DSCR,
U2,ST_UQFN-6L_1.5x1.7mm_P0.5mm,1,ECMF02-2AMX6,
U3,SON65P300X300X100-9N-D,1,TJA1462ATK,
U4,LQFP-64_L10.0-W10.0-P0.50-LS12.0-BL,1,STM32G473RCT6,C529361
U5,VLGA-12_L2.0-W2.0-P0.50-BL,1,LIS2MDLTR,C919695
U8,QFN3p0x5p0x1p6_MPM3632C_MNP,1,MPM3632CGQV-Z,
